Classifier,Accuracy,Precision,Color
Near. Neigh.,0.9533417402269861,0.9325581395348838,#D8A47F
SVM,0.9848675914249685,0.9925558312655087,#EF8354
Decision Tree,0.9609079445145019,0.9632352941176471,#EE4B6A
Random Forest,0.9823455233291298,0.9925187032418953,#DF3B57
Neural Net,0.9810844892812106,0.9876237623762376,#0F7173
