"sound.files","selec","duration","meanfreq","sd","median","Q25","Q75","IQR","skew","kurt","sp.ent","sfm","mode","centroid","peakf","meanfun","minfun","maxfun","meandom","mindom","maxdom","dfrange","modindx"
"recording.wav","0",20,0.194567456227778,0.0592843353088663,0.206724436741768,0.132963604852686,0.250398613518198,0.117435008665511,1.82342980132012,6.80160079488772,0.897651030636875,0.242109113803162,0.266897746967071,0.194567456227778,0,0.121583089292494,0.045699481865285,0.273913043478261,0.2906982421875,0,0.710595703125,0.710595703125,0.254734848484849
